저자,저자_en
가스 닉스,Garth Nix
고명환,Ko Myeong-hwan
서덕준,Seo Deok-jun
무라카미 하루키,Haruki Murakami
오스카 와일드,Oscar Wilde
양귀자,Yang Gui-ja
도나 타트,Donna Tartt
케이트 디카밀로,Kate DiCamillo
고선경,Ko Sun-kyung
가와무라 겐키,Genki Kawamura
도스토옙스키,Fyodor Dostoevsky
문지혁,Moon Ji-hyuk
이디스 해밀턴,Edith Hamilton
한강,Han Kang
니콜로 마키아벨리,Niccolò Machiavelli
애거서 크리스티,Agatha Christie
김영하,Kim Young-ha
아서 코난 도일,Arthur Conan Doyle
닐 셔스터먼,Neal Shusterman
박소영,Park So-young
토마스 헤리스,Thomas Harris
박준,Park Joon
구병모,Gu Byeong-mo
토마스 로버트 멜서스,Thomas Robert Malthus
김혜준,Kim Hye-jun
오쿠다 히데오,Hideo Okuda
우라사와 나오키,Naoki Urasawa
아라키 조,Joe Araki
프리드리히 니체,Friedrich Nietzsche
아틀리에 드 에디토,L’Atelier d’Édito
김애란,Kim Ae-ran
손원평,Sohn Won-pyung
문미순,Moon Mi-sun
류시화,Shiva Ryu
김금희,Kim Kum-hee
조예은,Cho Yeeun
아멜리 노통브,Amélie Nothomb
정보라,Bora Chung
김이나,Kim Eana
윤동주,Yun Dong-ju
다자이 오사무,Osamu Dazai
윤혜성,Yoon Hye-sung
톤텔레헨,Toon Tellegen
프란스 드 드발,Frans de Waal
장영희,Chang Young-hee
정용준,Chung Yong-jun
에드거 앨런 포,Edgar Allan Poe
파울로 코엘료,Paulo Coelho
마거릿 애트우드,Margaret Atwood
최진영,Choi Jin-young
"최덕희, 강경효","Choi Deok-hee, Kang Gyung-hyo"
히리 마리아 레마르크,Erich Maria Remarque
릭 루빈,Rick Rubin
프레드 울만,Fred Uhlman
오카다 도시키,Toshiki Okada
앤드루 포터,Andrew Porter
사진의 용도,"Annie Ernaux, Marc Marie"
하은빈,Ha Eun-bin
패티 스미스,Patti Smith
안담,An Dam
은희경,Eun Hee-kyung
박솔뫼,Park Sol-moe
엘리자베스 문,Elizabeth Moon
정혁용,Jeong Hyeok-yong
메듀 코델,Matthew Cordell
장자크 상페,
김초엽,Kim Choyeop
버나뎃 로제타 슈스탁,Bernadette Rossetti Shustak
레프 톨스토이,Leo Tolstoy
김신지,Kim Shin-ji
모리스 샌닥,Maurice Sendak
박경리,Park Kyong-ni
정세랑,Chung Serang
장 지글러,Jean Ziegler
최은창,Choi Eun-chang
정한아,Chung Han-ah
말콤 글래드웰,Malcolm Gladwell
서머싯 몸,W. Somerset Maugham
빈센트 반 고흐,Vincent van Gogh
양희은,Yang Hee-eun
김민성,Kim Min-sung
김겨울,Kim Gyeo-ul
김정호,Kim Jeong-ho
백우진,Baek Woo-jin
"Pierce J. Howard,Jane Mitchell Howard",Pierce J. Howard
선호빈,Sun Ho-bin
하상욱,Ha Sang-wook
히가시노 게이고,Keigo Higashino
사야크 발렌시아,Sayak Valencia
하시모토 시노부,Shinobu Hashimoto
안드레이 타르콥스키,Andrei Tarkovsky
조중걸,Cho Jung-geul
파스칼 키냐르,Pascal Quignard
나태주,Na Tae-joo
박완서,Park Wansuh
명지현,Myung Ji-hyun
장 클로드 볼로뉴,Jean-Claude Bologne
쯔진천,Zijin Chen
코맥 맥카시,Cormac McCarthy
문유석,Moon Yoo-seok
존 쿳시,J. M. Coetzee
강세형,Kang Se-hyeong
밀란 쿤데라,Milan Kundera
김완,Kim Wan
안채윤,Ahn Chae-yoon
사토 도미오,Tomio Sato
론다 번,Rhonda Byrne
김혜자,Kim Hye-ja
보선,Bo-seon
폴 오스터,Paul Auster
레오폴트 폰 자허마조흐,Leopold von Sacher-Masoch
법정,Beopjeong
도미니크 로로,Dominique Loreau
앙투안 드 생텍쥐페리,Antoine de Saint-Exupéry
산도르 마라이,Sándor Márai
신경숙,Kyung-Sook Shin
제레미 러프킨,Jeremy Rifkin
헬레인 한프,Helene Hanff
헬렌 니어링,Helen Nearing
제롬 데이비드 샐린저,J. D. Salinger
미야비 미유키,Miyuki Miyabe
정대건,Jung Dae-gun
헤르만 헤세,Hermann Hesse
데일 카네기,Dale Carnegie
룰루 밀러,Lulu Miller
최은영,Choi Eun-young
김호연,Kim Ho-yeon
프랜시스 호지슨 버넷,Frances Hodgson Burnett
무레 요코,Yoko Mure
위기철,Wi Ki-cheol
이솔,Lee Sol
"나카에 요시오, 우리노 노리코","Yoshio Nakae, Noriko Ueno"
서동욱,Seo Dong-wook
스티브 도나휴,Steve Donahue
박웅현,Park Woong-hyun
베르나르 베르베르,Bernard Werber
백사혜,Baek Sa-hye
김신회,Kim Shin-hoe
스티븐 스타링 그랜트,Stephen Sterling Grant
이병률,Lee Byung-ryul
줄리아 캐머런,Julia Cameron
헨리 데이비드 소로,Henry David Thoreau
인생 녹음 중,Recording Life
신형철,Shin Hyeong-cheol
카밀라 팡,Camilla Pang
"구구, 서해인","Gugu, Seo Hae-in"
남궁인,Namkoong In
칼 세이건,Carl Sagan
김초엽 등,Kim Choyeop et al.
공백,Gongbaek
이기주,Lee Ki-ju
김다슬,Kim Da-seul
하다,Hada
김수현,Kim Su-hyun
루이스 캐럴,Lewis Carroll
서동식,Seo Dong-sik
조완욱,Jo Wan-uk
정민,Jung Min
공자,Confucius
양승권,Yang Seung-kwon
"기시미 이치로, 고가 후미타케","Ichiro Kishimi, Fumitake Koga"
정이안,Jung Yi-an
김소영,Kim 소영
김동식,Kim Dong-sik
제이 셰티,Jay Shetty
폴 칼라니티,Paul Kalanithi
마크 맨슨,Mark Manson
마스다 미리,Miri Masuda
로맹 가리,Romain Gary
윤해서,Yoon Hae-seo
"장동선, 줄리아 크리스텐슨","Jang Dong-seon, Julia F. Christensen"
스즈키 유이,Yui Suzuki
리베카 솔닛,Rebecca Solnit
프리드리히 막스 뮐러,Friedrich Max Müller
조지 오웰,George Orwell
스테퍼니 스탈,Stefanie Stahl
시도니 가브리엘 콜레트,Sidonie-Gabrielle Colette
단테 알리기에리,Dante Alighieri
버지니아 울프,Virginia Woolf
정희진,Jeong Hui-jin
설레다,Seolleda
정혜신,Jeong Hye-shin
기 드 모파상,Guy de Maupassant
에리히 프롬,Erich Fromm
미야모토 테루,Teru Miyamoto
토머스 하디,Thomas Hardy
황현,Hwang Hyeon
J.S. 먼로,J.S. Monroe
보니 가머스,Bonnie Garmus
"공지영, 츠지 히토나리","Gong Ji-young, Hitonari Tsuji"
서귤,Seo Gyul
일자 샌드,Ilse Sand
모리시타 수,Noriko Morishita
야마모리 미카,Mika Yamamori
조 캘러헌,Jo Callaghan
이디스 워튼,Edith Wharton
J.M. 바스콘셀로스,José Mauro de Vasconcelos
김은비,Kim Eun-bi
은유,Eunyu
김상현,Kim Sang-hyun
조너선 스위프트,Jonathan Swift
김혜진,Kim Hye-jin
아쿠타가와 류노스케,Ryunosuke Akutagawa
류승완,Ryoo Seung-wan
박찬욱,Park Chan-wook
천선란,Cheon Seon-ran
요시다 슈이치,Shuichi Yoshida
양태석,Yang Tae-seok
로렌스 R. 스펜서,Lawrence R. Spencer
비엣 타인 응우옌,Viet Thanh Nguyen
제프 다이어,Geoff Dyer
가즈오 이시구로,Kazuo Ishiguro
잭 런던,Jack London
안드레아스 그루버,Andreas Gruber
혜민,Haemin
미치 앨본,Mitch Albom
세인트존 멘델,Emily St. John Mandel
정솔,Jung Sol
프랜시스 스콧 피츠제럴드,F. Scott Fitzgerald
지하련,Ji Ha-ryeon
토미 아데예미,Tomi Adeyemi
유시민,Rhyu Si-min
정재승,Jeong Jae-seung
김보영,Kim Bo-young
한상훈,Han Sang-hoon
앙꼬,Ancco
A. S. 바위치,A. S. Byatt
스티브 젠킨스 등,Steve Jenkins et al.
육성철,Yuk Seong-cheol
찰스 번즈,Charles Burns
박일영,Park Il-young
신영균,Shin Young-kyun
이마무라 쇼헤이,Shohei Imamura
조성환,Jo Seong-hwan
"연상호, 최규석","Yeon Sang-ho, Choi Gyu-seok"
이형석,Lee Hyeong-seok
신도현,Shin Do-hyun
조말선,Jo Mal-seon
권라빈,Kwon Rabin
알퐁스 도테,Alphonse Daudet
파트리크 쥐스킨트,Patrick Süskind
마크 트웨인,Mark Twain
오은,Oh Eun
정혜윤,Jeong Hye-yun
김소연,Kim So-yeon
페르난두 페소아,Fernando Pessoa
박연준,Park Yeon-joon
심보선,Shim Bo-seon
기형도,Gi Hyeong-do
조선희,Cho Sun-hee
포리스트 카터,Forrest Carter
도리스 메르틴,Doris Märtin
윤홍균,Yoon Hong-gyun
이석원,Lee Seok-won
테드 휴즈,Ted Hughes
사노 요코,Yoko Sano
조남주,Cho Nam-joo
민지형,Min Ji-hyung
로버트 맥키,Robert McKee
하재영,Ha Jae-young
우유니게 등,Wooyunige et al.
이민경,Lee Min-kyung
오드 메르미오,Aude Mermilliod
피터 싱어,Peter Singer
김세희,Kim Se-hee
조남주 등,Cho Nam-joo et al.
헤르메스 김,Hermes Kim
백영옥,Baek Young-ok
가브리엘 가르시아 마르케스,
찰스 디킨스,Charles Dickens
김도훈,Kim Do-hun
문소리,
요시모토 바나나,Banana Yoshimoto
프랭크 허버트,Frank Herbert
"엔니오 모리코네, 주세페 토르나토레","Ennio Morricone, Giuseppe Tornatore"
이해인,Lee Hae-in
미야베 미유키,
사민 노스랏,Samin Nosrat
김승일,Kim Seung-il
알베르 카뮈,Albert Camus
알랭 드 보통,Alain de Botton
"김혜남, 박종석","Kim Hye-nam, Park Jong-seok"
신해욱,Shin Hae-uk
블라디미르 마야콥스키 등,Vladimir Mayakovsky et al.
가와바타 야스나리,Yasunari Kawabata
애쿠니 가오리,Kaori Ekuni
임솔아,Lim Sol-ah
표도르 도스토예프스키,Fyodor Dostoevsky
로렐 켄달,Laurel Kendall
이경미,Lee Kyoung-mi
이적,Lee Juck
하야마 아마리,Amari Hayama
수산나 타마로,Susanna Tamaro
리처드 도킨스,Richard Dawkins
최재천,Choe Jae-chun
마이클 케인,Michael Caine
김훈,Kim Hoon
메리 섈리,Mary Shelley
레이 브레드버리,Ray Bradbury
채사장,Chae Sajang
캐서린 맨스필드,Katherine Mansfield
황보름,Hwang Bo-reum
김중혁,Kim Jung-hyuk
폴 크리스토퍼,Paul Christopher
미나토 가나에,Kanae Minato
파리리뷰 외,The Paris Review
"김하나, 황선우","Kim Hana, Hwang Sun-woo"
김명순,Kim Myung-sun
노석미,Noh Seok-mee
장자샹,Zhang Jiaxiang
이지수,Lee Ji-su
아니 에르노,Annie Ernaux
필립 빌랭,Philippe Vilain
조조 모예스,Jojo Moyes
이인석,Lee In-seok
박상현,Park Sang-hyun
조소담,Jo So-dam
우지현,Woo Ji-hyun
소윤,Soyoon
임경선,Im Kyung-sun
하타케야마 소,Sou Hatakeyama
루이스 캐롤,
권석,Kwon Seok
심너울,Shim Neoul
김은우,Kim Eun-woo
"아일사 와일드, 제레미 바","Ailsa Wild, Jeremy Barr"
윤이형,Yoon I-hyeong
유필하,Yu Pil-ha
김정선,Kim Jeong-seon
브레네 브라운,Brené Brown
에도가와 란포,Edogawa Ranpo
아들린 디외도네,Adeline Dieudonné
남성현,Nam Sung-hyun
정약용,Jeong Yak-yong
피터 스완슨,Peter Swanson
장강명,Chang Kang-myoung
임수희,Lim Su-hee
황유미,Hwang Yu-mi
백민석,Baek Min-seok
기욤 뮈소,Guillaume Musso
게리 채프먼,Gary Chapman
글배우,Geulbaewoo
궤도,Gwedo
정현주,Jung Hyun-joo
천명관,Cheon Myeong-kwan
수 클리볼드,Sue Klebold
라이오넬 슈라이버,Lionel Shriver
유발 하라리,Yuval Noah Harari
정채봉,Jung Chae-bong
프랑수아 를로르,François Lelord
정유정,
오쿠노 슈지,Shuji Okuno
토마스 하디,
김형경,Kim Hyung-kyung
이동원,Lee Dong-won
법륜,
그레고리 머과이어,
구로야나기 테츠코,
할레드 호세이니,
전홍진,
범유진,
나선미,
요시타케 신스케,
태수,
장은진,
게일 허니먼,
강미강,
마벨 카츠,Mabel Katz
도날드 월쉬,Neale Donald Walsch
김솔,Kim Sol
빅터 프랭클,Viktor Frankl
배철현,Bae Chul-hyun
카롤린 봉그랑,Caroline Bongrang
케이트 쇼팽,Kate Chopin
정호승,Jeong Ho-seung
정재찬,Jeong Jae-chan
강화길,Kang Hwa-gil
박영옥,Park Young-ok
한나 아렌트,Hannah Arendt
지그몬트 모리츠,Zsigmond Móricz
황순원,Hwang Sun-won
이반 투르게네프,Ivan Turgenev
홍준성,Hong Jun-seong
에이모 토울스,Amor Towles
"카이 버드, 마틴 셔윈","Kai Bird, Martin J. Sherwin"
알랭 바디우,Alain Badiou
하지현,Ha Ji-hyun
추공,Chugong
정유미,Jung Yu-mi
몽테뉴,Michel de Montaigne
류츠신,Liu Cixin
비카스 샤,Vikas Shah
소다 마사히토,Masahito Soda
하퍼 리,Harper Lee
에디 러들로,Eddie Ludlow
야자와 아이,Ai Yazawa
J.M.G 르 클레지오,J. M. G. Le Clézio
수전 케인,Susan Cain
박노해,Park No-hae
안리타,Ahn Rita
서늘한여름밤,Seoneulhan Yeoreumbam
심채경,Sim Chae-kyung
김상욱,Kim Sang-wook
이성진,Lee Seong-jin
김려령,Kim Ryeo-ryeong
피천득,Pi Chun-deuk
박민규,Park Min-gyu
유현준,Yoo Hyun-joon
김승옥,Kim Seung-ok
다카노 가즈아키,Kazuaki Takano
안도현,Ahn Do-hyun
조현아,Cho Hyun-ah
윤지윤,
이다혜,Lee Da-hye
강용수,Kang Yong-soo
코이케 류노스케,Ryunosuke Koike
라이너 마리아 릴케,
정문정,Jeong Moon-jeong
멈짜오 아깟담끙 라피팟,Mom Chao Akatdamkeung Raphiphat
위화,Yu Hua
김진영,Kim Jin-young
김지수,Kim Ji-soo
허지웅,Hur Ji-woong
한스 크리스티안 안데르센,Hans Christian Andersen
이슬아,Lee Seul-ah
정현종,Jeong Hyeon-jong
임이랑,Im Yi-rang
셸 실버스타인,Shel Silverstein
미셸 자우너,Michelle Zauner
김혼비,Kim Hon-bi
오 헨리,O. Henry
톤 텔레헨,Toon Tellegen
카시오페아,Cassiopeia
보후밀 흐라발,Bohumil Hrabal
어니스트 헤밍웨이,Ernest Hemingway
에밀 아자르,Émile Ajar
미치 엘봄,Mitch Albom
황석영,Hwang Sok-yong
성해나,
프레드릭 배크만,Fredrik Backman
귀스타브 플로베르,Gustave Flaubert
최지영,Choi Ji-young
전승환,Jeon Seung-hwan
서머셋 몸,W. Somerset Maugham
아쿠타카와 류노스케,Ryunosuke Akutagawa
소노 아야코,Ayako Sono
생텍쥐페리,Antoine de Saint-Exupéry
알랭드 모통,Alain de Botton
랠프 왈도 에머슨,Ralph Waldo Emerson
J.D. 샐린저,J. D. Salinger
요한 하리,Johann Hari
임홍택,Lim Hong-taek
리처드 탈러,Richard Thaler
이재열,Lee Jae-yeol
올더스 헉슬리,Aldous Huxley
레오 버스카글리아,Leo Buscaglia
윤덕노,Yoon Deok-no
마스다 무네아시,Muneaki Masuda
강신주,Kang Shin-ju
백상경제연구원,Baeksang Economic Research Institute
한스 로슬링,Hans Rosling
제러미 월드론,Jeremy Waldron
비스와바 쉼보르스카,Wisława Szymborska
최승자,Choi Seung-ja
에밀리 디킨슨,Emily Dickinson
루시 모드 몽고메리,Lucy Maud Montgomery
윌리엄 셰익스피어,William Shakespeare
샬롯 브론테,Charlotte Brontë
박서련,Park Seo-ryeon
네이선 파일,Nathan Pyle
김홍,Kim Hong
이도우,Lee Do-woo
이희인,Lee Hee-in
존 버거,John Berger
팀 보울러,Tim Bowler
마이클 샌델,Michael Sandel
나티코 린데블라드,Björn Natthiko Lindeblad
김주환,Kim Ju-hwan
레이첼 카슨,Rachel Carson
돌리 앨더튼,Dolly Alderton
윤태웅,Yoon Tae-woong
김승섭,Kim Seung-seop
김우재,Kim Woo-jae
다비드 르 브르통,David Le Breton
토니 포터,Tony Porter
양안다,Yang Anda
김개미,Kim Gaemi
롤랑 바르트,Roland Barthes
유즈키 아사코,Asako Yuzuki
은모든,Eun Modeun
앤디 앤드루스,Andy Andrews
데이비드 마추켈리,David Mazzucchelli
서맨사 하비,Samantha Harvey
프랑수아즈 사강,Françoise Sagan
월터 아이작슨,Walter Isaacson
제인 오스틴,Jane Austen
고선규,Koh Sun-kyu
김청귤,Kim Cheong-gyul
가와카미 미에코,Mieko Kawakami
릭 워렌,Rick Warren
노구치 마사코,Masako Noguchi
니콜라스 카,Nicholas Carr
김주혜,Juhea Kim
찰스 두히그,Charles Duhigg
최인철,Choi In-cheol
이오덕,Lee Oh-deok
프란츠 카프카,Franz Kafka
나쓰메 소세키,Natsume Soseki
닉 혼비,Nick Hornby
폴 블룸,Paul Bloom
조원재,Cho Won-jae
안규철,Ahn Kyu-chul
조용훈,Cho Yong-hun
랄프 왈도 에머슨,Ralph Waldo Emerson
이민진,Min Jin Lee
한병철,Byung-Chul Han
"르네 고시니, 장 자크 상페","René Goscinny, Jean-Jacques Sempé"
공지희,Gong Ji-hee
에크하르트 톨레,Eckhart Tolle
"김교빈, 이현구","Kim Gyo-bin, Lee Hyun-gu"
김연수,Kim Yeon-su
무라세 다케시,Takeshi Murase
 장강명,Chang Kang-myoung
루리,Ruri
모리사와 아키오,Akio Morisawa
버트런드 러셀,Bertrand Russell
"데이비드 A 싱클레어, 매슈 D. 러플랜트","David A. Sinclair, Matthew D. LaPlante"
사이토 다카시,Takashi Saito
김영민,Kim Young-min
정여울,Jung Ye-ul
이지성,Lee Ji-sung
데이비드 호킨스,David R. Hawkins
스캇 팩,M. Scott Peck
무라카미 류,Ryu Murakami